id,name_surname,mail,password,level,ip_address
1,Olivia Miller,olivia.miller@mail.com,$zZsNnR%,2,192.168.180.22
2,Harper Williams,harper.williams@mail.com,r2oG1n@Y,1,192.168.245.234
3,Isabella Jones,isabella.jones@mail.com,cR&JdZf$,1,192.168.171.76
4,Benjamin Brown,benjamin.brown@mail.com,tw#nu%cJ,3,192.168.71.62
5,Emma Thomas,emma.thomas@mail.com,U5ezps!0,1,192.168.228.248
6,Mia Gonzalez,mia.gonzalez@mail.com,x*u!ErnN,1,192.168.207.238
7,Mia Rodriguez,mia.rodriguez@mail.com,iPcn44NT,1,192.168.251.3
8,Elijah Gonzalez,elijah.gonzalez@mail.com,jXws(1X6,1,192.168.143.73
9,Liam Lopez,liam.lopez@mail.com,JtFra^vg,1,192.168.145.77
10,Isabella Lopez,isabella.lopez@mail.com,dxo5LOIX,1,192.168.134.216
11,Lucas Taylor,lucas.taylor@mail.com,DR4lX394,2,192.168.229.19
12,Lucas Hernandez,lucas.hernandez@mail.com,ZjnYzvQL,1,192.168.242.29
13,Alexander Miller,alexander.miller@mail.com,?TcniZmm,1,192.168.107.70
14,James Wilson,james.wilson@mail.com,NV4lRGr!,1,192.168.171.206
15,Liam Miller,liam.miller@mail.com,8DFjYAC8,1,192.168.30.171
16,Oliver Smith,oliver.smith@mail.com,@y&0$AtD,3,192.168.178.173
17,Sophia Martinez,sophia.martinez@mail.com,%GM84G3S,1,192.168.188.146
18,Liam Martinez,liam.martinez@mail.com,#uid1Zn2,1,192.168.135.131
19,Henry Rodriguez,henry.rodriguez@mail.com,*@qQz!wd,3,192.168.108.130
20,Ava Martinez,ava.martinez@mail.com,sRRWDKM#,2,192.168.138.127
21,Oliver Williams,oliver.williams@mail.com,3YovT507,1,192.168.98.120
22,Mia Thomas,mia.thomas@mail.com,#q3o638x,1,192.168.30.65
23,Olivia Jones,olivia.jones@mail.com,muNA&8U2,1,192.168.133.155
24,Henry Williams,henry.williams@mail.com,EkukkoW8,2,192.168.195.213
25,William Lopez,william.lopez@mail.com,TY2wpftE,2,192.168.96.60
26,Oliver Jones,oliver.jones@mail.com,NVN^UZt!,2,192.168.222.187
27,Henry Brown,henry.brown@mail.com,tqe4oqbK,2,192.168.177.151
28,Alexander Wilson,alexander.wilson@mail.com,pX4uxgGz,1,192.168.26.61
29,Charlotte Johnson,charlotte.johnson@mail.com,a4z8xfSa,2,192.168.100.189
30,Emma Smith,emma.smith@mail.com,mOlZtNzg,1,192.168.8.70
31,Alexander Davis,alexander.davis@mail.com,AZJ3Ao%!,2,192.168.41.64
32,Sophia Thomas,sophia.thomas@mail.com,yF(!EVXM,1,192.168.116.235
33,Isabella Thomas,isabella.thomas@mail.com,vSGBgjGT,2,192.168.152.214
34,Amelia Rodriguez,amelia.rodriguez@mail.com,SJ8UQ(q%,1,192.168.108.70
35,Henry Taylor,henry.taylor@mail.com,R5&cC?RJ,1,192.168.61.227
36,William Moore,william.moore@mail.com,j6&NTb$&,1,192.168.254.200
37,Olivia Moore,olivia.moore@mail.com,Q1FD^cI6,1,192.168.187.115
38,Ava Jones,ava.jones@mail.com,*sLdv3UD,2,192.168.248.171
39,Oliver Brown,oliver.brown@mail.com,BPDAE3AZ,1,192.168.191.45
40,Harper Jones,harper.jones@mail.com,U4$gmbzK,2,192.168.11.112
41,Henry Davis,henry.davis@mail.com,AYPqo35L,1,192.168.38.56
42,Amelia Johnson,amelia.johnson@mail.com,0pq^oVV0,1,192.168.58.213
43,James Williams,james.williams@mail.com,s)jGFMRW,1,192.168.167.212
44,Alexander Johnson,alexander.johnson@mail.com,Wfz$@csI,2,192.168.132.29
45,Emma Lopez,emma.lopez@mail.com,jeZzimKa,1,192.168.68.213
46,Evelyn Smith,evelyn.smith@mail.com,@fLQVk(4,2,192.168.90.149
47,Mia Taylor,mia.taylor@mail.com,i^?4Wc@^,1,192.168.223.168
48,Emma Brown,emma.brown@mail.com,TKmo(xdc,2,192.168.43.240
49,Amelia Smith,amelia.smith@mail.com,(o8G^JU3,1,192.168.71.189
50,Henry Thomas,henry.thomas@mail.com,p4Y$flkM,1,192.168.238.16
51,Evelyn Williams,evelyn.williams@mail.com,QD&t(n?&,2,192.168.182.198
52,Emma Smith,emma.smith@mail.com,dwSK9ovY,1,192.168.156.247
53,Charlotte Miller,charlotte.miller@mail.com,088y&Md&,1,192.168.41.14
54,Olivia Taylor,olivia.taylor@mail.com,gWvc9J(E,1,192.168.251.182
55,James Wilson,james.wilson@mail.com,ZcD&E#W5,1,192.168.227.32
56,Mia Lopez,mia.lopez@mail.com,#e3JWMNe,3,192.168.141.127
57,Liam Garcia,liam.garcia@mail.com,SYVH%qwm,2,192.168.203.36
58,Mia Rodriguez,mia.rodriguez@mail.com,Ozni!TZl,1,192.168.195.194
59,James Williams,james.williams@mail.com,gGd8pPby,1,192.168.204.135
60,Alexander Brown,alexander.brown@mail.com,Kg5s(C8O,1,192.168.242.200
61,James Wilson,james.wilson@mail.com,QPC^2A@4,1,192.168.238.76
62,Mia Johnson,mia.johnson@mail.com,6f7R%w6x,1,192.168.152.183
63,Alexander Rodriguez,alexander.rodriguez@mail.com,Lsg38r1G,2,192.168.211.75
64,Emma Garcia,emma.garcia@mail.com,$nB1Q5ES,1,192.168.140.178
65,William Miller,william.miller@mail.com,c05k(3*S,1,192.168.183.120
66,Liam Thomas,liam.thomas@mail.com,NI8iFGLD,2,192.168.84.43
67,William Moore,william.moore@mail.com,mIefaIRq,1,192.168.6.139
68,Henry Taylor,henry.taylor@mail.com,DyO0k^d$,2,192.168.65.4
69,Noah Gonzalez,noah.gonzalez@mail.com,Sgj*In^S,1,192.168.167.76
70,Sophia Thomas,sophia.thomas@mail.com,5GQk7ArG,1,192.168.50.147
71,Lucas Lopez,lucas.lopez@mail.com,MWt&A*Sa,2,192.168.167.33
72,William Gonzalez,william.gonzalez@mail.com,0NXSQO1E,1,192.168.171.65
73,Liam Miller,liam.miller@mail.com,0*c7IGb!,1,192.168.223.15
74,Ava Anderson,ava.anderson@mail.com,YlXizvmj,1,192.168.190.253
75,Oliver Anderson,oliver.anderson@mail.com,rPnDDXkj,1,192.168.121.64
76,Olivia Taylor,olivia.taylor@mail.com,shwQb7kK,1,192.168.29.17
77,Henry Williams,henry.williams@mail.com,u$Mh@8E^,1,192.168.219.85
78,Elijah Johnson,elijah.johnson@mail.com,Y4x%6t9S,1,192.168.235.161
79,Benjamin Garcia,benjamin.garcia@mail.com,?hMNtZ5R,2,192.168.84.154
80,Isabella Thomas,isabella.thomas@mail.com,!bUeeB&I,1,192.168.70.98
81,Alexander Hernandez,alexander.hernandez@mail.com,Ygqy11P?,1,192.168.98.144
82,Olivia Wilson,olivia.wilson@mail.com,GsSzu(2&,1,192.168.130.154
83,Harper Johnson,harper.johnson@mail.com,XbDf#I#$,1,192.168.149.146
84,Mia Lopez,mia.lopez@mail.com,6NJfda8u,2,192.168.162.138
85,Oliver Garcia,oliver.garcia@mail.com,5nBw6#Fc,3,192.168.243.253
86,Isabella Davis,isabella.davis@mail.com,Ju3hoRoM,2,192.168.230.113
87,Benjamin Taylor,benjamin.taylor@mail.com,V6tf!jy(,1,192.168.252.95
88,Benjamin Johnson,benjamin.johnson@mail.com,c&xHMKor,1,192.168.151.224
89,Isabella Garcia,isabella.garcia@mail.com,&&OJ?$yu,2,192.168.168.70
90,William Brown,william.brown@mail.com,^(sff6vY,2,192.168.85.49
91,William Miller,william.miller@mail.com,3no8^s^y,1,192.168.196.74
92,Oliver Taylor,oliver.taylor@mail.com,ZnKzr0wk,1,192.168.53.162
93,Oliver Rodriguez,oliver.rodriguez@mail.com,TwfM9i^#,0,192.168.31.249
94,Lucas Rodriguez,lucas.rodriguez@mail.com,P7lw36u*,0,192.168.0.45
95,Charlotte Lopez,charlotte.lopez@mail.com,?K0pniYC,0,192.168.20.97
96,Charlotte Smith,charlotte.smith@mail.com,ExKWDM0s,0,192.168.80.176
97,Alexander Moore,alexander.moore@mail.com,%kIIw8ae,0,192.168.144.160
98,Elijah Gonzalez,elijah.gonzalez@mail.com,h6rgC(o8,0,192.168.125.240
99,James Brown,james.brown@mail.com,e^nBfsq7,0,192.168.177.48
100,Elijah Garcia,elijah.garcia@mail.com,JtDw64#T,0,192.168.191.214
